title,company,location
"Manager, Data Engineering",Oracle,"South East London, London"
Data Engineer,Kwalee,"Radford Semele, Leamington Spa"
Data Engineer,Compass Group UK,"Birmingham, West Midlands"
Data Engineer (Contract),Fintech Recruitment Solutions,"Aberdeen, Aberdeenshire"
Principal Cloud Data Engineer,PwC.,"Farringdon, Central London"
Senior Data Engineer,Attractions.io,"Highwood, Uttoxeter"
"Data Engineer, London",Publicis Groupe,UK
Lead Data Engineer,Perlego,"Fleet Street, Central London"
Data Centre Engineer,Evermore Global Sourcing Ltd,"Slough, Berkshire"
"Senior Data Engineer - Blockchain, Ethereum",Clearmatics,"Angel, North London"
"Lead Data Engineer (Python, SQL, Cloud Engineer)",NBrown Group,"Collyhurst, Manchester"
Data Engineering - Program Management,,"London, UK"
Data Engineering - Program Management,,"London, UK"
Data Engineer,Adria Solutions Ltd,"Manchester, Greater Manchester"
Data Engineer,Harnham - Data & Analytics Recruitment,"London, UK"
Data Engineer,Understanding Recruitment,"London, UK"
Data Engineer,Forward Role,"Manchester, Greater Manchester"
Data Engineer,Harnham - Data & Analytics Recruitment,"London, UK"
Data Engineer,Harnham - Data & Analytics Recruitment,"London, UK"
Data Engineer,Harnham - Data & Analytics Recruitment,"London, UK"
Data Engineer,Vector Recruitment Ltd,"London, UK"
Data Engineer,ANSON MCCADE,"County Antrim, Northern Ireland"
Data Engineer,ANSON MCCADE,"Manchester Science Park, Manchester"
Data Engineer,C4S Search Ltd,"Wiltshire, South West England"
Data Engineer,ANSON MCCADE,"County Antrim, Northern Ireland"
Data Engineer,Harnham - Data & Analytics Recruitment,"London, UK"
Data Engineer,The People Network,"London, UK"
Data Engineer,Harnham - Data & Analytics Recruitment,"London, UK"
Data Engineer,Reed,"Yorkshire And The Humber, UK"
Data Engineer,Source Technology,"London, UK"
Data Engineer,TIGER RESOURCING SOLUTIONS LIMITED,"Liverpool, Merseyside"
Data Engineer,Corecom Consulting,"Warrington, Cheshire"
Data Engineer,Harnham - Data & Analytics Recruitment,"London, UK"
Data Engineer,STK Recruitment,"Bedford, Bedfordshire"
Data Engineer,Asset Resourcing Limited,"Newcastle Upon Tyne, Tyne & Wear"
Data Engineer,Concept Personnel,"Newcastle Upon Tyne, Tyne & Wear"
Data Engineer,Sphere Digital Recruitment,"London, UK"
Data Engineer,Asset Resourcing Limited,"Newcastle Upon Tyne, Tyne & Wear"
Data Engineer,SF Recruitment,"Pride Park, Derby"
Data Engineer,Harnham - Data & Analytics Recruitment,"London, UK"
Data Engineer,esure,"Reigate, Surrey"
Data Engineer,Henry Nicholas Associates,"Norwich, Norfolk"
Data Engineer,Hays Specialist Recruitment Limited,"Bedfordshire, Eastern England"
Data Engineer,Henry Nicholas Associates Ltd,"West Pottergate, Norwich"
Data Engineer,Castlefield Recruitment,"Liverpool, Merseyside"
Data Engineer,Hays Specialist Recruitment Limited,"Bedfordshire, Eastern England"
Data Engineer,Hays Technology,"Eastern England, UK"
Data Engineer,COOPER LOMAZ RECRUITMENT LTD,"Norwich, Norfolk"
Data Engineer,Compass Group UK & Ireland Ltd,"Birmingham, West Midlands"
Data Engineer,BJSS,"Liverpool, Merseyside"
